Place,Ratings,Rerviews,Description,Activities,Best Months to Visit,Time to Cover,Estimated Expenses per person (INR)
Agra,4.8,"1,134,491","Home to the iconic Taj Mahal, a UNESCO World Heritage Site.","Exploring the Taj Mahal, Agra Fort, Fatehpur Sikri, Itmad-ud-Daulah's Tomb, Mughal Gardens, shopping for souvenirs.",October - March,2-3 days,"3,000 - 8,000"
Varanasi (Kashi),4.6,"207,025","Holy city on the banks of the Ganges River, known for its spiritual significance and vibrant culture.","Taking a boat ride on the Ganges, witnessing sunrise and aarti ceremony, exploring temples like Kashi Vishwanath Temple and Sankat Mochan Hanuman Temple, experiencing traditional rituals.",October - February,2-3 days,"2,000 - 6,000"
Mathura,4.6,"142,510","Birthplace of Lord Krishna, known for its numerous temples and historical sites.","Visiting Krishna Janmabhoomi Temple, Dwarkadheesh Temple, Gita Mandiram, attending cultural events, exploring museums.",October - March,1-2 days,"2,000 - 5,000"
Ayodhya,4.8,"152,347",Birthplace of Lord Rama and a key pilgrimage site for Hindus.,"Visiting Ram Janmabhoomi Temple, Hanumangarhi Temple, Kanak Bhavan, witnessing aarti ceremony, exploring historical sites.",October - March,1-2 days,"1,500 - 4,000"
Sarnath,4.7,"72,518",Buddhist pilgrimage site where Lord Buddha delivered his first sermon.,"Visiting Dhamek Stupa, Chaukhandi Stupa, Deer Park, Archaeological Museum, witnessing Buddhist ceremonies.",October - March,1 day,"1,000 - 3,000"
Kushinagar,4.7,"41,289",Site of Lord Buddha's Parinirvana (attainment of Nirvana).,"Visiting Mahaparinirvana Stupa, Paranirvana Temple, Japanese Buddhist Temple, witnessing Buddhist rituals.",October - March,1 day,"1,000 - 3,000"
Lucknow,4.5,"112,061","Capital city of Uttar Pradesh, known for its rich cultural heritage and architectural marvels.","Exploring Bara Imambara, Chota Imambara, Residency Complex, Lucknow Zoo, witnessing Chikan embroidery demonstrations.",October - March,2-3 days,"2,500 - 7,000"
Kanpur,4.3,"34,872",Industrial and historical city known for its museums and colonial architecture.,"Visiting Kanpur Memorial, Allen Forest Zoo, Kanpur Zoological Garden, exploring museums like the National Sangeet Natak Akademi Museum.",October - March,1-2 days,"2,000 - 5,000"
Hastinapur,4.1,,"Ancient city mentioned in the Mahabharata, known for its historical significance.","Visiting Jain temples, archaeological sites, Hastinapur Wildlife Sanctuary, witnessing cultural performances.",October - March,1 day,"1,000 - 3,000"
Jhansi,4.5,"52,147","City known for its association with Rani Lakshmibai, a symbol of Indian independence.","Visiting Jhansi Fort, Rani Mahal, Government Museum, witnessing light and sound show at Jhansi Fort.",October - March,1 day,"1,000 - 3,000"